{
  "n_squares": 4928,
  "per_square_acc": 0.9935064935064936,
  "per_square_acc_before": 0.12642045454545456,
  "piece_only_acc": 0.9834190966266438,
  "loss": 0.03912511044009906,
  "val_game": "game2",
  "per_class_acc": {
    "wP": 0.9923664122137404,
    "wR": 0.9918032786885246,
    "wN": 0.9833333333333333,
    "wB": 0.9444444444444444,
    "wQ": 0.85,
    "wK": 0.974025974025974,
    "bP": 0.9942307692307693,
    "bR": 0.9919354838709677,
    "bN": 1.0,
    "bB": 0.9464285714285714,
    "bQ": 0.9487179487179487,
    "bK": 0.961038961038961,
    "empty": 0.9990563070147845
  }
}