{
  "note": "game7 used for DIAGNOSIS only; selection metric was game2_real_val (patience disabled).",
  "selected_by": "game2_real_val",
  "game2_selected": {
    "epoch": 16,
    "game7_per_square": 0.9857954545454546,
    "game7_piece_only": 0.9707750952986023
  },
  "best_by_game7_diag": {
    "epoch": 19,
    "game7_per_square": 0.9897727272727272,
    "game7_piece_only": 0.9796696315120712
  },
  "stage5_5_baseline": {
    "per_square": 0.9849,
    "piece_only": 0.9689
  },
  "selection_gap_per_square": 0.003977272727272663,
  "selection_gap_piece_only": 0.008894536213468918,
  "vs_stage5_5": {
    "selected_minus_baseline_persq": 0.0008954545454545881,
    "best_minus_baseline_persq": 0.004872727272727251
  }
}