{
  "n_samples": 19584,
  "slice_frac": 0.05,
  "source_weights": "DINOv2-pretrained",
  "synth_monitor_acc_before": 0.6472630718954249,
  "synth_monitor_acc_after": 0.9998468137254902,
  "forgetting_delta": 0.35258374183006536,
  "piece_only_acc": 0.9995300015666615,
  "loss": 0.0004997222758460237,
  "per_class_acc": {
    "wP": 0.9994169096209913,
    "wR": 0.9975786924939467,
    "wN": 1.0,
    "wB": 1.0,
    "wQ": 1.0,
    "wK": 1.0,
    "bP": 1.0,
    "bR": 1.0,
    "bN": 1.0,
    "bB": 1.0,
    "bQ": 0.9944444444444445,
    "bK": 1.0,
    "empty": 1.0
  },
  "note": "\u0394 vs source weights. zeroshot/stage5/linprobe source=DINOv2-pretrained (~chance on synth) so \u0394 is acquisition not forgetting; stage3 source=dino_zeroshot so \u0394 is true forgetting. linprobe backbone is frozen so synth ability is fully retained."
}