{
  "n_squares": 3520,
  "per_square_acc": 0.7713068181818182,
  "per_square_acc_before": 0.06221590909090909,
  "piece_only_acc": 0.6060991105463787,
  "loss": 0.7149890845472162,
  "per_class_acc": {
    "wP": 0.8846153846153846,
    "wR": 0.43010752688172044,
    "wN": 0.6951219512195121,
    "wB": 0.17272727272727273,
    "wQ": 0.0,
    "wK": 0.8727272727272727,
    "bP": 0.7680412371134021,
    "bR": 0.32727272727272727,
    "bN": 0.43902439024390244,
    "bB": 0.42424242424242425,
    "bQ": 0.0,
    "bK": 0.6,
    "empty": 0.9049331963001028
  }
}