{
  "n_samples": 19584,
  "slice_frac": 0.05,
  "source_weights": "DINOv2-pretrained",
  "synth_monitor_acc_before": 0.6472630718954249,
  "synth_monitor_acc_after": 0.8733149509803921,
  "forgetting_delta": 0.22605187908496727,
  "piece_only_acc": 0.6788344038853203,
  "loss": 0.3906336256540289,
  "per_class_acc": {
    "wP": 0.841399416909621,
    "wR": 0.6561743341404358,
    "wN": 0.6257668711656442,
    "wB": 0.28052805280528054,
    "wQ": 0.18579234972677597,
    "wK": 0.4934640522875817,
    "bP": 0.8638014527845036,
    "bR": 0.7630331753554502,
    "bN": 0.5899581589958159,
    "bB": 0.3076923076923077,
    "bQ": 0.19444444444444445,
    "bK": 0.3790849673202614,
    "empty": 0.9673509582607378
  },
  "note": "\u0394 vs source weights. zeroshot/stage5/linprobe source=DINOv2-pretrained (~chance on synth) so \u0394 is acquisition not forgetting; stage3 source=dino_zeroshot so \u0394 is true forgetting. linprobe backbone is frozen so synth ability is fully retained."
}