{
  "n_squares": 5888,
  "per_square_acc": 0.9509171195652174,
  "per_square_acc_before": 0.09052309782608696,
  "piece_only_acc": 0.874391862007961,
  "loss": 0.17974682128988206,
  "val_game": "game6",
  "per_class_acc": {
    "wP": 0.9952456418383518,
    "wR": 0.9886363636363636,
    "wN": 0.8165137614678899,
    "wB": 0.625,
    "wQ": 0.5652173913043478,
    "wK": 0.22826086956521738,
    "bP": 0.9983948635634029,
    "bR": 0.9886363636363636,
    "bN": 0.9565217391304348,
    "bB": 0.6890756302521008,
    "bQ": 0.3804347826086957,
    "bK": 0.967391304347826,
    "empty": 0.9986214502343534
  }
}