{
  "model": "DINOv2-ViT-S/14 stage5",
  "run_name": "dino_combined_Game2boosted",
  "source_weights": "DINOv2-pretrained",
  "input_size": 224,
  "test_partition": [
    "game7"
  ],
  "eval_path": "verbatim rescan RealGameDataset + metrics; resize-to-INPUT then ImageNet-normalize in dino_eval_loader (same crops/metric as ResNet/ConvNeXt, + DINO resize)",
  "n_squares": 3520,
  "per_square_acc": 0.9849431818181819,
  "piece_only_acc": 0.968869123252859,
  "empty_acc": 0.9979445015416238,
  "per_class_acc": {
    "wP": 0.9923076923076923,
    "wR": 1.0,
    "wN": 1.0,
    "wB": 0.9636363636363636,
    "wQ": 0.9818181818181818,
    "wK": 0.9818181818181818,
    "bP": 0.979381443298969,
    "bR": 0.9454545454545454,
    "bN": 0.975609756097561,
    "bB": 0.8787878787878788,
    "bQ": 0.8545454545454545,
    "bK": 0.9272727272727272,
    "empty": 0.9979445015416238
  },
  "per_game": {
    "game7": {
      "n_frames": 55,
      "n_squares": 3520,
      "per_square": 0.9849431818181819,
      "piece_only": 0.968869123252859
    }
  }
}