{
  "n_samples": 19584,
  "slice_frac": 0.05,
  "source_weights": "DINOv2-pretrained",
  "synth_monitor_acc_before": 0.6472630718954249,
  "synth_monitor_acc_after": 0.9994383169934641,
  "forgetting_delta": 0.3521752450980392,
  "piece_only_acc": 0.998276672411092,
  "loss": 0.0015870162017691963,
  "per_class_acc": {
    "wP": 0.9970845481049563,
    "wR": 0.9975786924939467,
    "wN": 1.0,
    "wB": 0.9966996699669967,
    "wQ": 1.0,
    "wK": 0.9967320261437909,
    "bP": 1.0,
    "bR": 1.0,
    "bN": 1.0,
    "bB": 0.9970414201183432,
    "bQ": 0.9944444444444445,
    "bK": 0.9967320261437909,
    "empty": 1.0
  },
  "note": "\u0394 vs source weights. zeroshot/stage5/linprobe source=DINOv2-pretrained (~chance on synth) so \u0394 is acquisition not forgetting; stage3 source=dino_zeroshot so \u0394 is true forgetting. linprobe backbone is frozen so synth ability is fully retained."
}