{
  "n_squares": 3520,
  "per_square_acc": 0.9795454545454545,
  "per_square_acc_before": 0.696875,
  "piece_only_acc": 0.9567979669631512,
  "loss": 0.0954649528996511,
  "per_class_acc": {
    "wP": 0.9897435897435898,
    "wR": 0.989247311827957,
    "wN": 1.0,
    "wB": 0.9363636363636364,
    "wQ": 0.9090909090909091,
    "wK": 0.9818181818181818,
    "bP": 0.9845360824742269,
    "bR": 0.9272727272727272,
    "bN": 0.975609756097561,
    "bB": 0.8484848484848485,
    "bQ": 0.7090909090909091,
    "bK": 0.9454545454545454,
    "empty": 0.9979445015416238
  }
}