{
  "n_samples": 19584,
  "slice_frac": 0.05,
  "source_weights": "/home/eladbaum/chess_project/dino/checkpoints/dino_zeroshot/best_synth.pt",
  "synth_monitor_acc_before": 0.9998978758169934,
  "synth_monitor_acc_after": 0.9785028594771242,
  "forgetting_delta": -0.021395016339869177,
  "piece_only_acc": 0.934043553188156,
  "loss": 0.06788029710460132,
  "per_class_acc": {
    "wP": 0.9924198250728863,
    "wR": 0.9806295399515739,
    "wN": 0.9601226993865031,
    "wB": 0.9537953795379538,
    "wQ": 0.819672131147541,
    "wK": 0.6568627450980392,
    "bP": 0.9909200968523002,
    "bR": 0.9834123222748815,
    "bN": 0.9832635983263598,
    "bB": 0.8284023668639053,
    "bQ": 0.6333333333333333,
    "bK": 0.7222222222222222,
    "empty": 1.0
  },
  "note": "\u0394 vs source weights. zeroshot/stage5/linprobe source=DINOv2-pretrained (~chance on synth) so \u0394 is acquisition not forgetting; stage3 source=dino_zeroshot so \u0394 is true forgetting. linprobe backbone is frozen so synth ability is fully retained."
}