{
  "n_squares": 4928,
  "per_square_acc": 0.9945211038961039,
  "per_square_acc_before": 0.12642045454545456,
  "piece_only_acc": 0.9857061177815895,
  "loss": 0.038867764404231266,
  "val_game": "game2",
  "per_class_acc": {
    "wP": 0.9923664122137404,
    "wR": 0.9918032786885246,
    "wN": 0.9833333333333333,
    "wB": 0.9074074074074074,
    "wQ": 0.95,
    "wK": 0.974025974025974,
    "bP": 0.9961538461538462,
    "bR": 1.0,
    "bN": 0.9821428571428571,
    "bB": 1.0,
    "bQ": 0.8461538461538461,
    "bK": 0.987012987012987,
    "empty": 0.9993708713431897
  }
}