{
  "test": "game7 (held out); both = game2-selected best checkpoint, eval-fixed",
  "ablation": "remove synthetic half (combined -> real-only); single variable",
  "headline_metric": "macro_average (per-square is empty-dominated and misleading)",
  "real_only": {
    "macro_average": 0.9428705484295465,
    "piece_only": 0.9587039390088945,
    "per_square": 0.9803977272727272,
    "per_class": {
      "wP": 0.9871794871794872,
      "wR": 1.0,
      "wN": 0.9878048780487805,
      "wB": 0.9,
      "wQ": 0.9818181818181818,
      "wK": 0.9818181818181818,
      "bP": 0.9845360824742269,
      "bR": 0.9454545454545454,
      "bN": 0.975609756097561,
      "bB": 0.8787878787878788,
      "bQ": 0.7090909090909091,
      "bK": 0.9272727272727272,
      "empty": 0.9979445015416238
    }
  },
  "combined_game6_baseline": {
    "macro_average": 0.9649373704963685,
    "piece_only": 0.9707750952986023,
    "per_square": 0.9857954545454546,
    "per_class": {
      "wP": 0.9871794871794872,
      "wR": 1.0,
      "wN": 0.9878048780487805,
      "wB": 0.9090909090909091,
      "wQ": 0.9818181818181818,
      "wK": 0.9818181818181818,
      "bP": 0.9845360824742269,
      "bR": 0.9545454545454546,
      "bN": 0.975609756097561,
      "bB": 0.9292929292929293,
      "bQ": 0.9272727272727272,
      "bK": 0.9272727272727272,
      "empty": 0.9979445015416238
    }
  },
  "delta_realonly_minus_combined": {
    "macro_average": -0.0221,
    "piece_only": -0.0121,
    "per_square": -0.0054,
    "per_class": {
      "wP": 0.0,
      "wR": 0.0,
      "wN": 0.0,
      "wB": -0.0091,
      "wQ": 0.0,
      "wK": 0.0,
      "bP": 0.0,
      "bR": -0.0091,
      "bN": 0.0,
      "bB": -0.0505,
      "bQ": -0.2182,
      "bK": 0.0,
      "empty": 0.0
    }
  },
  "highlight_rare_tall_pieces": {
    "wB": {
      "combined": 0.9090909090909091,
      "real_only": 0.9,
      "delta": -0.0091
    },
    "bB": {
      "combined": 0.9292929292929293,
      "real_only": 0.8787878787878788,
      "delta": -0.0505
    },
    "wQ": {
      "combined": 0.9818181818181818,
      "real_only": 0.9818181818181818,
      "delta": 0.0
    },
    "bQ": {
      "combined": 0.9272727272727272,
      "real_only": 0.7090909090909091,
      "delta": -0.2182
    },
    "wK": {
      "combined": 0.9818181818181818,
      "real_only": 0.9818181818181818,
      "delta": 0.0
    },
    "bK": {
      "combined": 0.9272727272727272,
      "real_only": 0.9272727272727272,
      "delta": 0.0
    }
  }
}