{
  "note": "game7 used for DIAGNOSIS only; selection metric was game2_real_val (patience disabled).",
  "selected_by": "game2_real_val",
  "game2_selected": {
    "epoch": 14,
    "game7_per_square": 0.9803977272727272,
    "game7_piece_only": 0.9587039390088945
  },
  "best_by_game7_diag": {
    "epoch": 13,
    "game7_per_square": 0.9863636363636363,
    "game7_piece_only": 0.9720457433290979
  },
  "stage5_5_baseline": {
    "per_square": 0.9849,
    "piece_only": 0.9689
  },
  "selection_gap_per_square": 0.005965909090909105,
  "selection_gap_piece_only": 0.013341804320203376,
  "vs_stage5_5": {
    "selected_minus_baseline_persq": -0.004502272727272771,
    "best_minus_baseline_persq": 0.0014636363636363336
  }
}