{
  "n_samples": 19584,
  "slice_frac": 0.05,
  "source_weights": "DINOv2-pretrained",
  "synth_monitor_acc_before": 0.6472630718954249,
  "synth_monitor_acc_after": 0.8140829248366013,
  "forgetting_delta": 0.1668198529411764,
  "piece_only_acc": 0.4375685414381952,
  "loss": 1.138379850145019,
  "per_class_acc": {
    "wP": 0.4186588921282799,
    "wR": 0.4188861985472155,
    "wN": 0.024539877300613498,
    "wB": 0.14521452145214522,
    "wQ": 0.1092896174863388,
    "wK": 0.1895424836601307,
    "bP": 0.8220338983050848,
    "bR": 0.580568720379147,
    "bN": 0.41422594142259417,
    "bB": 0.16863905325443787,
    "bQ": 0.03888888888888889,
    "bK": 0.0196078431372549,
    "empty": 0.9961366563139156
  },
  "note": "\u0394 vs source weights. zeroshot/stage5/linprobe source=DINOv2-pretrained (~chance on synth) so \u0394 is acquisition not forgetting; stage3 source=dino_zeroshot so \u0394 is true forgetting. linprobe backbone is frozen so synth ability is fully retained."
}