{
  "n_squares": 4928,
  "per_square_acc": 0.9953327922077922,
  "per_square_acc_before": 0.12642045454545456,
  "piece_only_acc": 0.9879931389365352,
  "loss": 0.11863752928647128,
  "val_game": "game2",
  "per_class_acc": {
    "wP": 0.9942748091603053,
    "wR": 0.9918032786885246,
    "wN": 0.9833333333333333,
    "wB": 0.8703703703703703,
    "wQ": 0.975,
    "wK": 0.974025974025974,
    "bP": 0.9942307692307693,
    "bR": 0.9838709677419355,
    "bN": 1.0,
    "bB": 1.0,
    "bQ": 1.0,
    "bK": 0.987012987012987,
    "empty": 0.9993708713431897
  }
}