{
  "model": "DINOv2-ViT-S/14 stage5",
  "run_name": "LabelSmoothing",
  "source_weights": "DINOv2-pretrained",
  "input_size": 224,
  "test_partition": [
    "game7"
  ],
  "eval_path": "verbatim rescan RealGameDataset + metrics; resize-to-INPUT then ImageNet-normalize in dino_eval_loader (same crops/metric as ResNet/ConvNeXt, + DINO resize)",
  "n_squares": 3520,
  "per_square_acc": 0.9823863636363637,
  "piece_only_acc": 0.963151207115629,
  "empty_acc": 0.9979445015416238,
  "per_class_acc": {
    "wP": 0.9897435897435898,
    "wR": 1.0,
    "wN": 1.0,
    "wB": 0.8454545454545455,
    "wQ": 0.9818181818181818,
    "wK": 0.9818181818181818,
    "bP": 0.9871134020618557,
    "bR": 0.9545454545454546,
    "bN": 0.975609756097561,
    "bB": 0.8585858585858586,
    "bQ": 0.9090909090909091,
    "bK": 0.9272727272727272,
    "empty": 0.9979445015416238
  },
  "per_game": {
    "game7": {
      "n_frames": 55,
      "n_squares": 3520,
      "per_square": 0.9823863636363637,
      "piece_only": 0.963151207115629
    }
  }
}