{
  "test": "game7 (held out); both = game2-selected best_real.pt, eval-fixed",
  "ablation": "label smoothing (train-CE, 0.1) vs combined_game6 (plain CE); single variable",
  "combined_game6": {
    "macro_average": 0.9649373704963685,
    "piece_only": 0.9707750952986023,
    "per_square": 0.9857954545454546,
    "per_class": {
      "wP": 0.9871794871794872,
      "wR": 1.0,
      "wN": 0.9878048780487805,
      "wB": 0.9090909090909091,
      "wQ": 0.9818181818181818,
      "wK": 0.9818181818181818,
      "bP": 0.9845360824742269,
      "bR": 0.9545454545454546,
      "bN": 0.975609756097561,
      "bB": 0.9292929292929293,
      "bQ": 0.9272727272727272,
      "bK": 0.9272727272727272,
      "empty": 0.9979445015416238
    },
    "ece_15bin": 0.009603605868125482,
    "mean_conf_on_errors": 0.8502692580223083,
    "mean_conf_on_correct": 0.9963573813438416,
    "tall_mean_conf_on_errors": 0.807759165763855,
    "epoch": 16
  },
  "label_smoothing": {
    "macro_average": 0.9545382390792684,
    "piece_only": 0.963151207115629,
    "per_square": 0.9823863636363637,
    "per_class": {
      "wP": 0.9897435897435898,
      "wR": 1.0,
      "wN": 1.0,
      "wB": 0.8454545454545455,
      "wQ": 0.9818181818181818,
      "wK": 0.9818181818181818,
      "bP": 0.9871134020618557,
      "bR": 0.9545454545454546,
      "bN": 0.975609756097561,
      "bB": 0.8585858585858586,
      "bQ": 0.9090909090909091,
      "bK": 0.9272727272727272,
      "empty": 0.9979445015416238
    },
    "ece_15bin": 0.08364944102411918,
    "mean_conf_on_errors": 0.7694756984710693,
    "mean_conf_on_correct": 0.9022538065910339,
    "tall_mean_conf_on_errors": 0.7416095733642578,
    "epoch": 15
  },
  "delta_ls_minus_combined": {
    "macro_average": -0.0104,
    "piece_only": -0.0076,
    "per_square": -0.0034,
    "ece_15bin": 0.074,
    "mean_conf_on_errors": -0.0808,
    "tall_mean_conf_on_errors": -0.0661,
    "per_class": {
      "wP": 0.0026,
      "wR": 0.0,
      "wN": 0.0122,
      "wB": -0.0636,
      "wQ": 0.0,
      "wK": 0.0,
      "bP": 0.0026,
      "bR": 0.0,
      "bN": 0.0,
      "bB": -0.0707,
      "bQ": -0.0182,
      "bK": 0.0,
      "empty": 0.0
    }
  }
}