{
  "n_samples": 19584,
  "slice_frac": 0.05,
  "source_weights": "DINOv2-pretrained",
  "synth_monitor_acc_before": 0.6472630718954249,
  "synth_monitor_acc_after": 0.9997446895424836,
  "forgetting_delta": 0.35248161764705876,
  "piece_only_acc": 0.9992166692777691,
  "loss": 0.09732828975892534,
  "per_class_acc": {
    "wP": 1.0,
    "wR": 1.0,
    "wN": 1.0,
    "wB": 0.9966996699669967,
    "wQ": 0.994535519125683,
    "wK": 0.9967320261437909,
    "bP": 1.0,
    "bR": 1.0,
    "bN": 1.0,
    "bB": 1.0,
    "bQ": 1.0,
    "bK": 0.9934640522875817,
    "empty": 1.0
  },
  "note": "\u0394 vs source weights. zeroshot/stage5/linprobe source=DINOv2-pretrained (~chance on synth) so \u0394 is acquisition not forgetting; stage3 source=dino_zeroshot so \u0394 is true forgetting. linprobe backbone is frozen so synth ability is fully retained."
}