{
  "model": "DINOv2-ViT-S/14 stage5",
  "run_name": "dino_combined",
  "source_weights": "DINOv2-pretrained",
  "input_size": 224,
  "test_partition": [
    "game2",
    "game6"
  ],
  "eval_path": "verbatim rescan RealGameDataset + metrics; resize-to-INPUT then ImageNet-normalize in dino_eval_loader (same crops/metric as ResNet/ConvNeXt, + DINO resize)",
  "n_squares": 10816,
  "per_square_acc": 0.9760539940828402,
  "piece_only_acc": 0.9376558603491272,
  "empty_acc": 0.9986776373787835,
  "per_class_acc": {
    "wP": 0.9939393939393939,
    "wR": 0.9904761904761905,
    "wN": 0.8994082840236687,
    "wB": 0.7011494252873564,
    "wQ": 0.8636363636363636,
    "wK": 0.7751479289940828,
    "bP": 0.9938757655293088,
    "bR": 0.9150943396226415,
    "bN": 0.9590643274853801,
    "bB": 0.8571428571428571,
    "bQ": 0.8091603053435115,
    "bK": 0.7988165680473372,
    "empty": 0.9986776373787835
  },
  "per_game": {
    "game2": {
      "n_frames": 77,
      "n_squares": 4928,
      "per_square": 0.9935064935064936,
      "piece_only": 0.9834190966266438
    },
    "game6": {
      "n_frames": 92,
      "n_squares": 5888,
      "per_square": 0.9614470108695652,
      "piece_only": 0.9022556390977443
    }
  }
}