{
  "n_squares": 3520,
  "per_square_acc": 0.9872159090909091,
  "per_square_acc_before": 0.06221590909090909,
  "piece_only_acc": 0.974587039390089,
  "loss": 0.10483478150434332,
  "per_class_acc": {
    "wP": 0.9923076923076923,
    "wR": 1.0,
    "wN": 1.0,
    "wB": 0.9454545454545454,
    "wQ": 0.9818181818181818,
    "wK": 0.9818181818181818,
    "bP": 0.979381443298969,
    "bR": 0.9545454545454546,
    "bN": 0.9878048780487805,
    "bB": 0.9393939393939394,
    "bQ": 0.9090909090909091,
    "bK": 0.9272727272727272,
    "empty": 0.9974306269270298
  }
}