{
  "n_squares": 5888,
  "per_square_acc": 0.9351222826086957,
  "per_square_acc_before": 0.735733695652174,
  "piece_only_acc": 0.8367978770455551,
  "loss": 0.27071607930828695,
  "val_game": "game6",
  "per_class_acc": {
    "wP": 0.9952456418383518,
    "wR": 0.9886363636363636,
    "wN": 0.8073394495412844,
    "wB": 0.15833333333333333,
    "wQ": 0.75,
    "wK": 0.7282608695652174,
    "bP": 0.9983948635634029,
    "bR": 1.0,
    "bN": 0.9304347826086956,
    "bB": 0.16806722689075632,
    "bQ": 0.2826086956521739,
    "bK": 0.7717391304347826,
    "empty": 0.996415770609319
  }
}