{
  "model": "DINOv2-ViT-S/14 stage3",
  "run_name": "dino_fine_tuned_Game2boosted",
  "source_weights": "/home/eladbaum/chess_project/dino/checkpoints/dino_zeroshot/best_synth.pt",
  "input_size": 224,
  "test_partition": [
    "game7"
  ],
  "eval_path": "verbatim rescan RealGameDataset + metrics; resize-to-INPUT then ImageNet-normalize in dino_eval_loader (same crops/metric as ResNet/ConvNeXt, + DINO resize)",
  "n_squares": 3520,
  "per_square_acc": 0.975,
  "piece_only_acc": 0.9485387547649301,
  "empty_acc": 0.9964028776978417,
  "per_class_acc": {
    "wP": 0.9897435897435898,
    "wR": 1.0,
    "wN": 1.0,
    "wB": 0.7545454545454545,
    "wQ": 0.9818181818181818,
    "wK": 0.9636363636363636,
    "bP": 0.9871134020618557,
    "bR": 0.9636363636363636,
    "bN": 0.975609756097561,
    "bB": 0.7373737373737373,
    "bQ": 0.8363636363636363,
    "bK": 0.9818181818181818,
    "empty": 0.9964028776978417
  },
  "per_game": {
    "game7": {
      "n_frames": 55,
      "n_squares": 3520,
      "per_square": 0.975,
      "piece_only": 0.9485387547649301
    }
  }
}