{
  "n_samples": 19584,
  "slice_frac": 0.05,
  "source_weights": "/home/eladbaum/chess_project/dino/checkpoints/dino_zeroshot/best_synth.pt",
  "synth_monitor_acc_before": 0.9998978758169934,
  "synth_monitor_acc_after": 0.9710477941176471,
  "forgetting_delta": -0.02885008169934633,
  "piece_only_acc": 0.9119536268212439,
  "loss": 0.08689309171327919,
  "per_class_acc": {
    "wP": 0.9918367346938776,
    "wR": 0.9636803874092009,
    "wN": 0.8926380368098159,
    "wB": 0.8745874587458746,
    "wQ": 0.8415300546448088,
    "wK": 0.38562091503267976,
    "bP": 0.9939467312348669,
    "bR": 0.9928909952606635,
    "bN": 0.9748953974895398,
    "bB": 0.7810650887573964,
    "bQ": 0.6166666666666667,
    "bK": 0.7352941176470589,
    "empty": 0.9996212408150897
  },
  "note": "\u0394 vs source weights. zeroshot/stage5/linprobe source=DINOv2-pretrained (~chance on synth) so \u0394 is acquisition not forgetting; stage3 source=dino_zeroshot so \u0394 is true forgetting. linprobe backbone is frozen so synth ability is fully retained."
}